City_ID,City,Lat,Lng,Max Temp,Humidity,Cloudiness,Wind Speed,Country,Date
0,yinchuan,38.4681,106.2731,62.11,32,31,5.68,CN,1697534785
1,hermanus,-34.4187,19.2345,72.19,59,0,2.04,ZA,1697534786
2,bethel,41.3712,-73.414,49.95,87,75,3.44,US,1697534493
3,waitangi,-43.9535,-176.5597,49.82,90,100,4.0,NZ,1697534789
4,grytviken,-54.2811,-36.5092,32.41,88,42,9.1,GS,1697534790
5,sadri,25.1833,73.4333,88.65,36,2,10.94,IN,1697534791
6,la passe,45.5549,-0.8967,68.23,73,100,17.85,FR,1697534792
7,blackmans bay,-43.0167,147.3167,53.73,79,11,1.01,AU,1697534793
8,lata,40.1629,-8.3327,70.92,87,100,19.08,PT,1697534794
9,kapuskasing,49.4169,-82.4331,28.4,93,100,0.0,CA,1697534795
10,hami,42.8,93.45,53.51,42,13,6.98,CN,1697534796
11,lebu,-37.6167,-73.65,45.5,82,6,17.38,CL,1697534797
12,jamestown,42.097,-79.2353,47.79,99,100,1.99,US,1697534700
13,hamilton,39.1834,-84.5333,51.89,87,100,5.99,US,1697534790
14,arraial do cabo,-22.9661,-42.0278,75.06,88,100,10.36,BR,1697534801
15,guichon,-32.35,-57.2,56.17,90,82,10.94,UY,1697534802
16,margaret river,-33.95,115.0667,64.49,69,54,15.08,AU,1697534803
17,aljezur,37.3191,-8.8033,71.67,82,99,19.19,PT,1697534804
18,vilyuchinsk,52.9306,158.4028,44.92,91,100,2.59,RU,1697534805
19,whitehorse,60.7161,-135.0538,44.02,93,100,16.11,CA,1697534806
20,al bawiti,28.3492,28.8659,80.13,35,0,6.29,EG,1697534807
21,petropavlovsk-kamchatsky,53.0452,158.6483,43.45,88,75,6.71,RU,1697534557
22,adamstown,-25.066,-130.1015,70.9,90,27,7.94,PN,1697534809
23,camiri,-20.05,-63.5167,69.62,69,31,2.57,BO,1697534810
24,puerto natales,-51.7236,-72.4875,40.78,92,99,7.83,CL,1697534811
25,birao,10.2849,22.7882,90.18,47,77,5.39,CF,1697534812
26,nyalikungu,-3.1833,33.7833,84.87,34,100,6.51,TZ,1697534813
27,puerto ayora,-0.7393,-90.3518,74.55,94,97,5.01,EC,1697534814
28,olonkinbyen,70.9221,-8.7187,31.41,77,100,15.19,SJ,1697534816
29,yellowknife,62.456,-114.3525,36.41,100,0,5.75,CA,1697534817
30,ushuaia,-54.8,-68.3,44.26,70,20,20.71,AR,1697534548
31,port-aux-francais,-49.35,70.2167,36.82,79,80,28.1,TF,1697534819
32,luau,-10.7073,22.2247,86.41,43,95,7.16,AO,1697534821
33,bredasdorp,-34.5322,20.0403,75.56,50,0,5.75,ZA,1697534822
34,hawaiian paradise park,19.5933,-154.9731,73.04,91,100,6.91,US,1697534823
35,flying fish cove,-10.4217,105.6791,82.08,83,100,10.36,CX,1697534824
36,invercargill,-46.4,168.35,44.02,77,40,1.99,NZ,1697534825
37,saipan,15.1355,145.701,79.5,94,40,10.36,MP,1697534826
38,stephenville,32.2207,-98.2023,47.77,81,0,0.0,US,1697534827
39,constantia,44.1833,28.65,59.7,46,99,2.75,RO,1697534829
40,wenchang,30.904,118.4887,71.73,51,0,7.45,CN,1697534830
41,weno,7.4515,151.8468,80.55,89,40,3.44,FM,1697534832
42,kargasok,59.0556,80.8572,47.97,92,100,7.0,RU,1697534833
43,jaguarari,-10.2639,-40.1958,64.9,82,90,10.11,BR,1697534834
44,new norfolk,-42.7826,147.0587,54.9,79,12,3.22,AU,1697534835
45,nadym,65.5333,72.5167,41.95,88,100,10.31,RU,1697534836
46,bilibino,68.0546,166.4372,4.96,99,100,1.66,RU,1697534583
47,amboasary,-25.0333,46.3833,83.34,55,99,9.98,MG,1697534838
48,belmonte,-15.8631,-38.8828,73.85,82,49,2.19,BR,1697534839
49,masterton,-40.9597,175.6575,52.88,99,100,0.81,NZ,1697534840
50,edinburgh of the seven seas,-37.0676,-12.3116,53.83,72,100,9.37,SH,1697534841
51,miandoab,36.9694,46.1027,66.58,35,0,1.14,IR,1697534842
52,san cristobal,7.7669,-72.225,65.44,94,100,2.04,VE,1697534843
53,ribeira grande,38.5167,-28.7,70.2,78,40,13.8,PT,1697534844
54,mana,5.6592,-53.7767,77.36,89,25,6.46,GF,1697534846
55,amstetten,48.1229,14.8721,49.01,68,75,4.41,AT,1697534847
56,dingli,35.8614,14.3822,80.76,57,0,17.27,MT,1697534848
57,papatowai,-46.5619,169.4708,41.68,70,10,7.96,NZ,1697534849
58,albany,42.6001,-73.9662,49.8,87,100,3.58,US,1697534643
59,barsana,27.65,77.3833,87.35,34,63,3.15,IN,1697534851
60,belaya kholunitsa,58.84,50.8528,50.86,56,100,15.32,RU,1697534853
61,smithers,54.7804,-127.1743,44.92,100,100,4.61,CA,1697534854
62,broome,42.2506,-75.833,49.69,96,100,3.44,US,1697534855
63,kill devil hills,36.0307,-75.676,56.98,81,0,5.75,US,1697534856
64,banfora,10.6333,-4.7667,80.31,77,99,5.93,BF,1697534857
65,tirumullaivasal,11.2333,79.8333,86.0,67,94,10.45,IN,1697534859
66,farafangana,-22.8167,47.8333,78.82,78,88,8.41,MG,1697534860
67,port mathurin,-19.6833,63.4167,76.66,81,2,11.99,MU,1697534862
68,oamaru,-45.0784,170.9801,45.37,87,84,8.19,NZ,1697534863
69,takoradi,4.8845,-1.7554,77.49,85,100,0.54,GH,1697534864
70,qacha's nek,-30.1154,28.6894,51.12,64,93,3.06,LS,1697534865
71,iqaluit,63.7506,-68.5145,22.73,67,75,2.3,CA,1697534866
72,megalopoli,37.4011,22.1422,72.05,56,45,5.46,GR,1697534867
73,udachny,66.4167,112.4,25.45,92,98,6.29,RU,1697534868
74,port saint john's,-31.6229,29.5448,68.32,66,74,8.63,ZA,1697534869
75,pirot,43.1531,22.5861,56.28,40,100,5.01,RS,1697534870
76,charlottetown,46.2352,-63.1267,48.72,80,100,10.36,CA,1697534871
77,ilulissat,69.2167,-51.1,12.22,57,32,3.44,GL,1697534873
78,christchurch,-43.5333,172.6333,47.95,86,100,5.75,NZ,1697534874
79,ust-nera,64.5667,143.2,-5.33,95,23,1.92,RU,1697534875
80,urengoy,65.9667,78.3667,34.11,97,100,4.0,RU,1697534876
81,woolgoolga,-30.1106,153.2007,66.07,58,2,23.98,AU,1697534877
82,katabu,-4.9333,122.5167,85.03,52,17,9.13,ID,1697534878
83,carolina beach,34.0352,-77.8936,47.01,76,14,9.06,US,1697534879
84,enewetak,11.3474,162.3373,84.34,76,3,14.61,MH,1697534880
85,saint-pierre,-21.3393,55.4781,82.56,69,100,6.91,RE,1697534881
86,sao francisco,-15.9486,-44.8644,72.46,60,7,3.27,BR,1697534882
87,piacabucu,-10.4056,-36.4344,74.68,72,47,8.21,BR,1697534883
88,pasni,25.2631,63.471,80.83,78,97,11.07,PK,1697534884
89,talnakh,69.4865,88.3972,31.21,97,100,5.12,RU,1697534886
90,nar'yan-mar,67.6713,53.087,34.11,89,81,8.99,RU,1697534888
91,lihue,21.9789,-159.3672,76.59,76,0,10.36,US,1697534889
92,selfoss,63.9331,-20.9971,43.05,88,100,11.56,IS,1697534890
93,cill airne,52.05,-9.5167,51.85,87,100,11.5,IE,1697534891
94,kayangel,8.0823,134.7173,81.86,78,81,3.87,PW,1697534892
95,bouna,9.2667,-3.0,79.12,78,100,4.97,CI,1697534893
96,la ronge,55.1001,-105.2842,43.05,81,100,0.0,CA,1697534894
97,hohhot,40.8106,111.6522,62.89,20,40,8.95,CN,1697534895
98,rybinsk,58.0446,38.8426,42.33,78,100,5.01,RU,1697534896
99,tandalti,13.0167,31.8667,92.8,38,22,7.78,SD,1697534898
100,bata,1.8639,9.7658,75.42,89,100,3.49,GQ,1697534899
101,longyearbyen,78.2186,15.6401,24.64,58,75,12.66,SJ,1697534900
102,kingston,17.997,-76.7936,83.35,78,20,2.3,JM,1697534751
103,alesund,62.4723,6.1549,50.14,80,75,14.97,NO,1697534668
104,puerto colombia,10.9878,-74.9547,77.09,75,100,4.0,CO,1697534903
105,junin,-34.5838,-60.9433,43.9,93,96,11.34,AR,1697534904
106,taulaga,-11.0553,-171.0883,81.97,79,39,16.64,AS,1697534905
107,demre,36.2537,29.9777,78.13,58,57,5.88,TR,1697534906
108,margate,51.3813,1.3862,57.69,62,98,7.0,GB,1697534907
109,piti village,13.4626,144.6933,83.3,82,0,5.75,GU,1697534908
110,thompson,55.7435,-97.8558,39.36,100,100,3.44,CA,1697534909
111,nikolayevsk-on-amure,53.1406,140.73,40.3,94,100,7.18,RU,1697534910
112,tazovsky,67.4667,78.7,35.64,83,100,8.88,RU,1697534912
113,arawa,-6.2132,155.5367,78.82,86,100,2.68,PG,1697534913
114,bamboo flat,11.7,92.7167,87.89,70,40,4.61,IN,1697534914
115,mejit,10.2753,170.8646,82.78,78,17,13.94,MH,1697534917
116,atafu village,-8.5421,-172.5159,83.79,76,72,13.78,TK,1697534918
117,laguna,38.421,-121.4238,64.31,87,0,0.0,US,1697534919
118,lazaro cardenas,17.9583,-102.2,77.45,89,98,4.16,MX,1697534920
119,berea,41.3662,-81.8543,49.55,95,100,4.61,US,1697534921
120,yorkton,51.2167,-102.4677,42.64,93,100,2.3,CA,1697534809
121,tsiombe,-25.3,45.4833,78.64,59,100,9.08,MG,1697534923
122,stanley,54.868,-1.6985,42.51,74,85,1.16,GB,1697534925
123,dudinka,69.4058,86.1778,31.68,98,79,5.99,RU,1697534926
124,cabo san lucas,22.8909,-109.9124,84.51,83,6,1.99,MX,1697534653
125,utrik,11.2278,169.8474,83.16,76,90,16.02,MH,1697534928
126,west plains,36.7281,-91.8524,46.9,84,0,5.01,US,1697534929
127,miquelon,47.0975,-56.3814,44.6,80,100,23.76,PM,1697534930
128,binzhou,37.3667,118.0167,77.49,25,81,7.76,CN,1697534931
129,withamsville,39.0623,-84.2883,50.92,78,100,0.0,US,1697534932
130,harrisonville,38.6533,-94.3488,49.1,92,0,0.0,US,1697534933
131,antalaha,-14.9003,50.2788,82.42,58,51,7.56,MG,1697534934
132,faya-largeau,17.9257,19.1043,94.35,15,95,20.78,TD,1697534935
133,kodiak,57.79,-152.4072,42.31,100,100,5.75,US,1697534937
134,visby,57.6409,18.296,49.03,87,75,12.66,SE,1697534767
135,mil'kovo,55.6078,37.7956,39.6,81,90,17.18,RU,1697534939
136,vila franca do campo,37.7167,-25.4333,68.41,99,60,5.1,PT,1697534940
137,puerto baquerizo moreno,-0.9,-89.6,73.58,86,100,7.96,EC,1697534941
138,susuman,62.7833,148.1667,-1.89,86,5,1.43,RU,1697534942
139,khovd,48.0056,91.6419,46.89,20,7,4.54,MN,1697534943
140,taltal,-25.4,-70.4833,58.37,84,91,3.8,CL,1697534944
141,east london,-33.0153,27.9116,70.74,73,75,11.5,ZA,1697534945
142,georgetown,5.4112,100.3354,84.94,74,20,3.44,MY,1697534915
143,vorgashor,67.5833,63.95,36.3,93,100,7.11,RU,1697534947
144,anadyr,64.75,177.4833,27.1,86,40,6.71,RU,1697534949
145,beau vallon,-20.4189,57.6953,82.63,69,75,12.66,MU,1697534950
146,nizhniy ingash,56.2,96.53,41.47,91,100,14.07,RU,1697534951
147,vernon,50.2581,-119.2691,53.29,78,100,2.3,CA,1697534952
148,isafjordur,66.0755,-23.124,37.44,81,100,5.75,IS,1697534953
149,tiksi,71.6872,128.8694,2.32,99,72,4.21,RU,1697534954
150,taoudenni,22.6783,-3.9836,90.18,13,40,1.9,ML,1697534955
151,guerrero negro,27.9769,-114.0611,67.84,86,0,9.55,MX,1697534956
152,avarua,-21.2078,-159.775,71.65,73,86,4.61,CK,1697534957
153,klyuchi,52.2667,79.1667,62.31,51,23,8.84,RU,1697534958
154,muravlenko,63.7898,74.523,41.41,95,100,9.66,RU,1697534959
155,colonia,50.9333,6.95,51.96,73,0,6.91,DE,1697534738
156,tabou,4.423,-7.3528,79.0,83,67,8.08,CI,1697534963
157,lincoln,40.8,-96.667,43.0,86,0,0.0,US,1697534543
158,west island,-12.1568,96.8225,82.38,83,40,14.97,CC,1697534965
159,kijang,35.2442,129.2139,62.33,43,0,1.48,KR,1697534966
160,damavand,35.7178,52.065,59.94,40,2,6.04,IR,1697534967
161,solnechnyy,50.7214,136.6319,40.03,95,28,3.44,RU,1697534968
162,ghanzi,-21.5667,21.7833,84.56,7,0,12.1,BW,1697534969
163,yuzhno-kurilsk,44.0306,145.8556,51.37,75,27,18.3,RU,1697534970
164,chania,35.5122,24.0156,74.8,73,20,6.91,GR,1697534971
165,kapit,2.0167,112.9333,90.09,62,50,3.56,MY,1697534973
166,uliastay,47.7417,96.8444,37.63,27,10,7.67,MN,1697534974
167,qaqortoq,60.7167,-46.0333,31.87,86,100,3.4,GL,1697534975
168,mount gambier,-37.8333,140.7667,51.08,76,0,6.93,AU,1697534976
169,cosala,24.4125,-106.6908,71.01,52,0,4.5,MX,1697534977
170,ta`u,-14.2336,-169.5144,79.14,83,93,20.02,AS,1697534978
171,hasaki,35.7333,140.8333,66.6,62,0,11.65,JP,1697534979
172,port augusta,-32.5,137.7667,64.45,45,0,12.48,AU,1697534980
173,lander,42.833,-108.7307,63.19,61,0,8.05,US,1697534981
174,salto del guaira,-24.0625,-54.3069,76.93,55,85,6.51,PY,1697534982
175,sierra grande,-41.606,-65.3557,47.98,47,0,13.65,AR,1697534984
176,eydhafushi,5.1033,73.0708,82.6,72,31,11.16,MV,1697534985
177,sitka,57.0531,-135.33,53.49,82,100,5.75,US,1697534986
178,laminusa,5.5549,120.9136,84.04,72,41,7.45,PH,1697534987
179,ivdel',60.6911,60.4206,52.2,77,93,5.01,RU,1697534990
180,north bend,43.4065,-124.2243,58.91,100,100,0.0,US,1697534991
181,lerwick,60.1545,-1.1494,51.8,88,38,14.41,GB,1697534992
182,novodvinsk,64.4165,40.8122,38.79,78,100,5.77,RU,1697534993
183,khandyga,62.6667,135.6,13.32,90,98,3.06,RU,1697534994
184,opuwo,-18.0607,13.84,87.67,5,8,3.2,NA,1697534995
185,afaahiti,-17.75,-149.2833,75.07,86,60,16.55,PF,1697534997
186,walvis bay,-22.9575,14.5053,63.09,69,34,8.9,NA,1697534998
187,hammerfest,70.6634,23.6821,32.45,86,75,9.22,NO,1697535000
188,kenai,60.5544,-151.2583,44.15,83,100,3.44,US,1697535001
189,mwinilunga,-11.7358,24.4293,66.47,92,100,7.78,ZM,1697535002
190,cururupu,-1.8283,-44.8683,81.19,75,63,5.59,BR,1697535004
191,tahla,34.0485,-4.428,78.57,37,100,5.28,MA,1697535005
192,belyy yar,53.6039,91.3903,48.09,61,0,15.66,RU,1697535007
193,badger,64.8,-147.5333,37.27,80,0,5.75,US,1697535008
194,padang,-0.9492,100.3543,80.65,87,100,4.65,ID,1697535009
195,tazacorte,28.629,-17.9293,79.14,75,20,1.99,ES,1697535010
196,port alfred,-33.5906,26.891,67.17,78,6,10.0,ZA,1697534800
197,coquimbo,-29.9533,-71.3436,53.33,100,75,1.14,CL,1697535012
198,palmas,-10.2128,-48.3603,75.07,83,0,4.61,BR,1697535014
199,rio grande,-32.035,-52.0986,62.94,89,90,15.19,BR,1697535015
200,kailua-kona,19.6406,-155.9956,80.56,96,100,5.99,US,1697535017
201,polyarnyy,69.1989,33.4478,37.92,64,99,18.48,RU,1697535018
202,frontera,26.9333,-101.45,57.88,67,0,3.0,MX,1697535019
203,conception bay south,47.4999,-52.9981,45.73,96,100,24.58,CA,1697535020
204,saint-mandrier-sur-mer,43.078,5.929,67.86,71,100,16.11,FR,1697535021
205,batesville,35.7698,-91.641,45.95,96,0,3.44,US,1697535022
206,happy valley-goose bay,53.3168,-60.3315,28.71,86,20,8.05,CA,1697535023
207,mancora,-4.1078,-81.0475,76.21,72,74,3.49,PE,1697535024
208,harstad,68.799,16.5293,37.24,97,100,8.01,NO,1697535026
209,leshan,29.5623,103.7639,72.84,77,89,2.46,CN,1697535027
210,aykhal,66.0,111.5,25.07,94,94,11.01,RU,1697535028
211,kapa'a,22.0752,-159.319,77.32,77,0,10.36,US,1697535029
212,zemio,5.0314,25.1361,86.4,54,78,4.09,CF,1697535030
213,berezovyy,51.6667,135.7,37.96,88,8,1.43,RU,1697535031
214,barmer,25.75,71.3833,92.86,34,10,11.97,IN,1697535032
215,codrington,-38.2667,141.9667,48.06,79,1,7.92,AU,1697535034
216,krasnokamensk,50.0979,118.0369,43.57,37,23,15.48,RU,1697535035
217,salekhard,66.53,66.6019,33.51,98,100,1.72,RU,1697534814
218,nuuk,64.1835,-51.7216,21.81,63,0,12.66,GL,1697535037
219,papao,-17.75,-149.55,76.68,84,41,16.84,PF,1697535038
220,karratha,-20.7377,116.8463,86.49,36,0,12.28,AU,1697535039
221,kimbe,-5.5502,150.1429,79.07,86,99,1.23,PG,1697535040
222,shenjiamen,29.9576,122.298,68.11,65,0,6.35,CN,1697535041
223,carnarvon,-24.8667,113.6333,78.93,51,0,26.4,AU,1697535043
224,remire-montjoly,4.9167,-52.2667,73.44,100,75,0.0,GF,1697535044
225,bardai,11.65,7.2333,86.94,40,83,2.13,NG,1697535045
226,viedma,-40.8135,-62.9967,43.5,58,0,7.61,AR,1697535046
227,el calafate,-50.3408,-72.2768,40.12,82,35,4.81,AR,1697535047
228,touros,-5.1989,-35.4608,79.61,66,56,15.08,BR,1697535048
229,minas de marcona,-15.2119,-75.1103,57.88,88,14,4.5,PE,1697535049
230,zakamensk,50.3741,103.2863,40.35,42,99,11.12,RU,1697535050
231,otaki,-40.7583,175.15,53.94,87,100,1.01,NZ,1697535051
232,hovd,48.0056,91.6419,45.86,23,8,5.17,MN,1697535053
233,urangan,-25.3,152.9,69.62,60,0,22.55,AU,1697535054
234,tolanaro,-25.0319,46.9987,77.07,78,40,16.11,MG,1697535055
235,kiunga,-6.1219,141.2906,77.04,90,94,1.16,PG,1697535056
236,nguigmi,14.2495,13.1092,93.29,24,10,10.51,NE,1697535057
237,messini,37.0511,22.0078,76.84,69,75,10.36,GR,1697535058
238,altai,46.3722,96.2583,32.58,36,5,3.87,MN,1697535059
239,odda,60.0691,6.5457,52.77,100,100,8.88,NO,1697535061
240,ghat,24.9647,10.1728,87.91,15,50,4.97,LY,1697535062
241,ishqoshim,36.7248,71.6133,45.75,70,99,7.92,TJ,1697535063
242,sisimiut,66.9395,-53.6735,17.28,82,39,7.54,GL,1697535064
243,chipata,-13.6333,32.65,87.21,33,94,4.07,ZM,1697535066
244,shimoda,34.6667,138.95,67.53,64,0,4.29,JP,1697535067
245,arkhara,49.4212,130.0842,44.76,32,43,8.01,RU,1697535068
246,college,64.8569,-147.8028,37.35,80,75,5.75,US,1697535069
247,ancud,-41.8697,-73.8203,39.42,89,1,5.28,CL,1697535070
248,pisco,-13.7,-76.2167,66.25,88,100,6.91,PE,1697535071
249,st. john's,47.5649,-52.7093,45.97,96,100,18.41,CA,1697535072
250,lospalos,-8.5186,127.0025,71.76,85,58,5.35,TL,1697535073
251,yarmouth,41.7057,-70.2286,55.96,91,75,11.01,US,1697535075
252,lae,-6.7221,146.9847,78.78,85,55,3.2,PG,1697535076
253,mooloolaba,-26.6833,153.1167,71.06,74,5,8.01,AU,1697535077
254,sinop,41.7711,34.8709,54.03,61,74,4.23,TR,1697534944
255,luanda,-8.8368,13.2343,78.8,78,75,4.61,AO,1697535079
256,aasiaat,68.7098,-52.8699,3.76,84,92,7.52,GL,1697535080
257,prado,-17.3411,-39.2208,75.97,76,28,1.66,BR,1697535081
258,sao geraldo do araguaia,-6.4006,-48.555,81.03,60,29,1.39,BR,1697535083
259,popondetta,-8.7537,148.2534,74.53,95,75,2.82,PG,1697535085
260,prince rupert,54.3161,-130.3201,53.69,89,100,25.32,CA,1697535086
261,pacific grove,36.6177,-121.9166,59.23,90,0,1.99,US,1697535087
262,glace bay,46.1969,-59.957,48.16,96,100,2.3,CA,1697535089
263,victorica,-36.2151,-65.4359,47.16,43,2,9.06,AR,1697535090
264,vikhorevka,56.1201,101.1636,36.99,97,100,12.3,RU,1697535091
265,lamu,-2.2717,40.902,88.02,69,76,9.64,KE,1697535092
266,barra de santo antonio,-9.4047,-35.5072,72.68,57,60,10.78,BR,1697535094
267,grand falls-windsor,48.9332,-55.6649,38.5,92,100,3.0,CA,1697535095
268,mersa matruh,31.3525,27.2453,80.8,57,40,11.5,EG,1697535096
269,port elizabeth,-33.918,25.5701,72.32,66,20,14.97,ZA,1697534912
270,uturoa,-16.7333,-151.4333,78.53,79,47,14.79,PF,1697535098
271,latakia,35.5148,35.7768,75.38,64,2,13.31,SY,1697535099
272,mugia,43.1041,-9.2179,70.16,81,100,32.73,ES,1697535100
273,prince albert,53.2001,-105.7677,44.55,87,100,8.05,CA,1697535101
274,beeville,28.4008,-97.7483,53.98,76,0,4.61,US,1697535102
275,kavaratti,10.5669,72.642,83.17,72,100,6.69,IN,1697535104
276,naliya,23.2667,68.8333,86.92,51,0,14.32,IN,1697535105
277,natal,-5.795,-35.2094,71.82,88,20,6.91,BR,1697534900
278,cidreira,-30.1811,-50.2056,66.24,97,100,2.71,BR,1697535107
279,sao miguel do tapuio,-5.5036,-41.3233,78.64,60,3,9.28,BR,1697535108
280,greymouth,-42.4667,171.2,43.43,95,59,6.78,NZ,1697535109
281,libreville,0.3925,9.4537,82.42,83,40,4.61,GA,1697535110
282,tidjikja,18.5564,-11.4271,93.61,9,28,7.25,MR,1697535111
283,luoyang,34.6836,112.4536,75.29,40,100,3.29,CN,1697534875
284,coshocton,40.272,-81.8596,49.46,94,100,1.01,US,1697535113
285,sorada,19.75,84.4333,87.93,59,13,4.54,IN,1697535115
286,cockburn town,21.4612,-71.1419,84.49,68,68,5.3,TC,1697535116
287,labytnangi,66.6572,66.4183,33.96,100,100,1.07,RU,1697535113
288,ringim,12.1548,9.1619,92.3,28,97,6.11,NG,1697535119
289,bethanie,-26.4833,17.15,82.67,13,0,9.31,NA,1697535120
290,kununurra,-15.7667,128.7333,94.98,18,56,4.61,AU,1697535121
291,myskhako,44.6714,37.7433,56.98,50,11,10.42,RU,1697535122
292,hithadhoo,-0.6,73.0833,82.02,68,65,13.18,MV,1697535123
293,portland,45.5234,-122.6762,54.99,95,40,0.0,US,1697534532
294,usogorsk,63.4106,48.6872,37.67,87,100,5.1,RU,1697535126
295,laurel bay,32.4502,-80.7848,51.91,82,0,8.05,US,1697535127
296,labrador city,52.9463,-66.9114,37.31,87,100,4.61,CA,1697535009
297,valdivia,-39.8142,-73.2459,37.49,95,31,4.94,CL,1697535129
298,wailua homesteads,22.0669,-159.378,75.99,77,0,10.36,US,1697535130
299,panacan,9.2463,118.4082,81.99,83,46,7.05,PH,1697535131
300,salinas,36.6777,-121.6555,62.01,89,0,3.44,US,1697534969
301,wewak,-3.5534,143.6268,81.01,84,15,7.2,PG,1697535133
302,banda aceh,5.5577,95.3222,80.06,80,82,17.36,ID,1697535134
303,at-bashi,41.1702,75.8106,56.14,34,95,9.15,KG,1697535136
304,ati,13.2154,18.3353,96.93,19,83,3.62,TD,1697535137
305,amahai,-3.3333,128.9167,79.47,84,88,4.25,ID,1697535138
306,madimba,-10.4,40.3333,85.44,60,100,10.74,TZ,1697534840
307,al fahahil,29.0825,48.1303,89.82,45,22,8.93,KW,1697535140
308,acarau,-2.8856,-40.12,79.92,71,10,17.9,BR,1697535141
309,tura,25.5198,90.2201,79.12,78,3,2.57,IN,1697535142
310,dryden,49.7833,-92.7503,37.69,100,0,5.75,CA,1697535143
311,bridgewater,44.3835,-64.5155,47.88,95,100,9.22,CA,1697535144
312,namtsy,62.7161,129.6658,25.03,46,100,9.19,RU,1697535146
313,vieste,41.8825,16.175,58.75,88,100,8.28,IT,1697535147
314,richards bay,-28.783,32.0377,64.49,89,100,15.17,ZA,1697535148
315,koysinceq,36.0821,44.6278,76.66,34,9,4.83,IQ,1697535149
316,madalena,41.2162,-8.3345,68.58,90,100,16.4,PT,1697535150
317,pop,40.8736,71.1089,68.49,15,42,3.96,UZ,1697535151
318,lycksele,64.5954,18.6735,31.87,86,0,0.0,SE,1697535152
319,la reforma,25.0833,-108.05,82.02,73,47,1.86,MX,1697535153
320,bonthe,7.5264,-12.505,82.02,74,77,5.66,SL,1697535155
321,ikalamavony,-21.15,46.5833,94.51,20,22,12.08,MG,1697535157
322,peniche,39.3558,-9.3811,69.12,96,100,29.08,PT,1697535158
323,miri,4.4148,114.0089,89.74,62,20,4.61,MY,1697535159
324,galle,6.0367,80.217,81.93,73,91,6.26,LK,1697535131
325,reggane,26.7158,0.1714,89.91,15,0,8.77,DZ,1697535161
326,chemodanovka,53.2316,45.2474,39.83,84,100,20.0,RU,1697535162
327,punta arenas,-53.15,-70.9167,41.11,87,75,5.75,CL,1697535163
328,negombo,7.2083,79.8358,86.05,74,40,4.61,LK,1697535164
329,kalispell,48.1958,-114.3129,57.16,73,100,5.75,US,1697534890
330,robore,-18.3333,-59.75,75.45,59,4,3.49,BO,1697535167
331,trondheim,63.4305,10.3951,48.29,95,100,1.99,NO,1697534977
332,bam,29.106,58.357,91.04,16,3,11.45,IR,1697535169
333,san antonio de pale,-1.4014,5.6325,78.42,80,100,6.58,GQ,1697535170
334,emerald,-23.5333,148.1667,80.35,21,0,13.38,AU,1697535039
335,dawson creek,55.7666,-120.2362,42.44,100,100,4.61,CA,1697535172
336,lib,8.3122,167.3766,83.66,73,27,13.49,MH,1697535173
337,tindouf,27.6711,-8.1474,79.25,22,40,4.61,DZ,1697535174
338,abreus,22.2775,-80.5675,73.71,87,11,5.7,CU,1697535175
339,inhambane,-23.865,35.3833,71.58,100,75,0.0,MZ,1697535176
340,howrah,22.5892,88.3103,91.4,55,40,8.05,IN,1697535178
341,newman,37.3138,-121.0208,62.83,82,0,3.53,US,1697534657
342,lompoc,34.6391,-120.4579,71.78,97,0,3.44,US,1697535180
343,kencong,-8.2833,113.3667,78.21,81,90,4.56,ID,1697535181
344,nishinoomote,30.7333,131.0,68.56,63,20,14.97,JP,1697535182
345,brisas de zicatela,15.8369,-97.0419,76.82,64,98,5.44,MX,1697535183
346,port macquarie,-31.4333,152.9167,61.9,65,74,14.54,AU,1697535058
347,alice springs,-23.7,133.8833,78.35,12,0,9.22,AU,1697535120
348,hailin,44.5833,129.4167,44.42,39,32,2.48,CN,1697535186
349,vilyuysk,63.7553,121.6247,28.18,52,100,11.99,RU,1697535187
350,keflavik,64.0049,-22.5624,45.03,100,100,31.07,IS,1697535189
351,nova vicosa,-17.8919,-39.3719,76.53,76,10,3.18,BR,1697535190
352,sur,22.5667,59.5289,92.48,45,0,6.62,OM,1697535191
353,ilhabela,-23.7781,-45.3581,73.54,93,100,4.25,BR,1697535192
354,gornozavodsk,58.3758,58.3211,49.08,59,69,10.83,RU,1697535193
355,callao,-12.0667,-77.15,67.71,88,100,6.91,PE,1697534998
356,kemijarvi,66.7131,27.4306,33.49,82,12,7.99,FI,1697535195
357,t'ongch'on-up,38.9539,127.8917,57.92,57,4,5.28,KP,1697535196
358,gazli,40.1333,63.45,75.38,13,5,7.18,UZ,1697535198
359,rio gallegos,-51.6226,-69.2181,42.85,65,0,17.27,AR,1697535199
360,vrangel',42.7297,133.0839,51.12,46,5,7.83,RU,1697535200
361,el nido,11.1858,119.3956,82.69,79,45,8.81,PH,1697535202
362,puerto francisco de orellana,-0.4667,-76.9667,68.67,96,76,0.67,EC,1697535203
363,as sulayyil,20.4607,45.5779,98.85,8,1,8.57,SA,1697535204
364,kavieng,-2.5744,150.7967,82.74,72,79,6.71,PG,1697535205
365,gadzhiyevo,69.2551,33.3362,37.63,63,99,18.28,RU,1697535207
366,rundu,-17.9333,19.7667,95.59,7,13,10.92,NA,1697535208
367,aginskoye,51.1,114.53,40.46,48,14,19.39,RU,1697535209
368,az zubayr,30.3945,47.7011,89.46,23,5,13.8,IQ,1697535210
369,guarapari,-20.6667,-40.4975,73.89,79,21,8.48,BR,1697535211
370,tapes,-30.6733,-51.3958,66.31,95,99,4.7,BR,1697534974
371,kolonia town,6.964,158.206,80.6,83,75,0.0,FM,1697535213
372,rojhan,28.6868,69.9534,88.95,30,2,18.52,PK,1697535214
373,xining,36.6167,101.7667,52.56,62,77,6.51,CN,1697535215
374,sungai raya,0.7,108.9,81.48,81,100,3.29,ID,1697535216
375,tubarjal,30.4999,38.216,76.95,37,0,5.28,SA,1697535218
376,knysna,-34.0363,23.0471,78.33,41,3,4.41,ZA,1697535219
377,kirakira,-10.4544,161.9205,79.07,84,85,4.88,SB,1697535220
378,norrtalje,59.758,18.705,47.43,66,77,8.68,SE,1697535221
379,katsuura,35.1333,140.3,67.96,78,6,9.19,JP,1697535222
380,olinda,-8.0089,-34.8553,76.73,73,75,10.36,BR,1697535223
381,dhidhdhoo,6.8833,73.1,83.12,73,76,8.5,MV,1697535224
382,ocean shores,46.9737,-124.1563,54.01,98,40,1.99,US,1697535225
383,manokwari,-0.8667,134.0833,81.12,76,38,2.04,ID,1697535226
384,ploudalmezeau,48.5333,-4.65,55.78,76,0,8.05,FR,1697535227
385,port blair,11.6667,92.75,87.84,70,40,4.61,IN,1697535229
386,poli,-3.3333,36.8,79.25,41,100,5.57,TZ,1697535230
387,gunjur,13.2019,-16.7339,86.07,79,40,2.3,GM,1697535231
388,albu kamal,34.45,40.9186,81.99,33,0,8.52,SY,1697535232
389,kruisfontein,-34.0033,24.7314,74.97,43,46,8.55,ZA,1697535233
390,barcelos,41.5388,-8.6151,69.94,84,98,25.19,PT,1697535111
391,coahuayana de hidalgo,18.7,-103.6583,75.74,92,81,3.38,MX,1697535236
392,hilo,19.7297,-155.09,73.26,91,100,6.91,US,1697535237
393,san borja,-14.8167,-66.85,74.5,79,2,3.15,BO,1697535238
394,inirida,3.8653,-67.9239,70.72,95,41,0.85,CO,1697535239
395,akureyri,65.6835,-18.0878,34.84,87,100,4.74,IS,1697535242
396,chulakkurgan,43.765,69.1814,59.31,36,1,7.2,KZ,1697535243
397,nemuro,43.3236,145.575,47.52,71,12,20.29,JP,1697535244
398,forster,-32.1667,152.5167,58.28,75,51,12.95,AU,1697535245
399,knyaze-volkonskoye,48.4642,135.4567,44.01,54,10,7.0,RU,1697535246
400,dunedin,-45.8742,170.5036,46.8,75,48,5.5,NZ,1697535247
401,along,28.1667,94.7667,82.11,62,2,2.06,IN,1697535249
402,tual,-5.6667,132.75,80.15,79,38,12.68,ID,1697535250
403,marvin,34.9918,-80.8148,47.39,88,0,0.0,US,1697535251
404,colorado,-22.8375,-51.9731,75.79,71,100,13.29,BR,1697535252
405,cislago,45.6588,8.9719,62.26,56,0,4.0,IT,1697535253
406,xinpu,34.5997,119.1594,70.5,52,0,8.01,CN,1697535255
407,newport,51.5877,-2.9984,54.45,77,100,19.08,GB,1697535256
408,port-gentil,-0.7193,8.7815,84.16,70,40,11.5,GA,1697535257
409,rongelap,11.1635,166.8941,83.21,77,6,17.18,MH,1697535258
410,urucara,-2.5364,-57.76,75.47,81,10,2.35,BR,1697535259
411,kolyshley,52.7005,44.5367,45.5,60,87,22.91,RU,1697535260
412,kitimat,54.0524,-128.6534,52.18,63,97,1.99,CA,1697535261
413,chongju,39.6933,125.2103,54.09,50,8,3.04,KP,1697535262
414,maroua,10.591,14.3159,93.24,37,72,3.22,CM,1697535263
415,severo-yeniseyskiy,60.3725,93.0408,33.58,90,100,8.99,RU,1697535264
416,koszeg,47.3892,16.541,54.1,68,49,3.0,HU,1697535265
417,lutjenburg,54.2919,10.5895,51.58,77,75,1.99,DE,1697535267
418,novo cruzeiro,-17.4681,-41.8753,67.42,68,7,2.08,BR,1697535268
419,markaz-e hukumat-e darweshan,31.1323,64.1934,82.24,10,0,1.03,AF,1697535269
420,puno,-15.8333,-70.0333,42.78,83,11,3.04,PE,1697535204
421,portage,41.1667,-81.1998,46.83,95,100,0.0,US,1697535271
422,magadan,59.5667,150.8,33.82,66,25,3.0,RU,1697535272
423,yala,6.3333,101.25,78.87,92,100,3.09,TH,1697535273
424,scarborough,54.2797,-0.4044,56.66,92,100,10.69,GB,1697535274
425,kabare,-2.4683,28.8242,77.56,56,40,2.64,CD,1697535275
426,gaspe,48.8334,-64.4819,44.51,87,40,2.3,CA,1697535276
427,zyryanovsk,49.7386,84.2719,50.27,40,43,0.87,KZ,1697535279
428,mu'minobod,38.1085,70.0285,68.63,27,1,5.73,TJ,1697535280
429,zhumysker,49.3333,49.4,54.79,43,73,22.1,KZ,1697535281
430,revda,56.801,59.9303,56.16,51,14,9.64,RU,1697535282
431,banamba,13.55,-7.45,90.32,41,84,12.91,ML,1697535283
432,zaragoza,41.6561,-0.8773,67.01,79,75,11.5,ES,1697535284
433,ouardenine,35.7091,10.674,85.33,20,0,11.5,TN,1697535285
434,vuktyl,63.8567,57.3094,44.11,81,100,10.0,RU,1697535286
435,orcopampa,-15.2661,-72.3417,46.74,80,100,1.43,PE,1697535287
436,childress,34.4264,-100.204,48.45,66,0,3.44,US,1697535011
437,balkanabat,39.5108,54.3671,73.6,48,58,11.18,TM,1697535289
438,muynoq,43.7683,59.0214,68.11,21,32,6.44,UZ,1697535204
439,tuy hoa,13.0833,109.3,79.86,85,100,3.29,VN,1697535292
440,palikir - national government center,6.9248,158.1611,79.54,83,75,0.0,FM,1697535293
441,nova sintra,14.8667,-24.7167,77.58,70,6,16.53,CV,1697535294
442,yinzhu,35.8786,119.9753,66.76,76,4,9.48,CN,1697535295
443,axim,4.8699,-2.2405,81.23,74,94,4.38,GH,1697535296
444,kirensk,57.7853,108.1119,39.02,95,100,8.01,RU,1697535297
445,kerikeri,-35.2268,173.9474,62.91,92,63,1.01,NZ,1697535298
446,cova figueira,14.8905,-24.2934,79.54,62,7,11.3,CV,1697535299
447,sao vicente,-23.9631,-46.3919,77.18,26,100,1.99,BR,1697535300
448,kigorobya,1.6162,31.3089,77.95,64,96,5.95,UG,1697535302
449,san matias,-16.3667,-58.4,80.11,50,46,4.94,BO,1697535303
450,beira,-19.8436,34.8389,78.89,89,100,8.05,MZ,1697535304
451,broken hill,-31.95,141.4333,63.0,25,0,10.29,AU,1697535305
452,msowero,-6.5333,37.2,94.41,30,95,7.67,TZ,1697535306
453,san pedro,14.35,121.0167,88.83,72,40,5.75,PH,1697535307
454,gaoual,11.75,-13.2,82.72,75,65,1.16,GN,1697535308
455,cabedelo,-6.9811,-34.8339,72.27,67,8,11.43,BR,1697535309
456,nagqu,31.5,92.0,39.43,39,100,17.67,CN,1697535310
457,oranjemund,-28.55,16.4333,78.93,42,0,7.05,NA,1697535312
458,illizi,26.4833,8.4667,87.6,14,68,5.86,DZ,1697535313
459,sola,-13.8833,167.55,77.67,94,75,0.0,VU,1697535314
460,tibu,8.639,-72.7358,73.26,99,100,1.7,CO,1697535315
461,santa rosa,14.3122,121.1114,89.58,73,34,9.78,PH,1697535160
462,nema,57.5067,50.5011,50.88,48,100,19.8,RU,1697535317
463,castlegar,49.2998,-117.6689,48.88,95,100,6.73,CA,1697535318
464,el granada,37.5027,-122.4694,64.29,93,100,10.36,US,1697535319
465,soto la marina,23.7667,-98.2167,57.2,56,0,3.47,MX,1697535320
466,novyy urgal,51.0736,132.5642,36.99,76,50,2.33,RU,1697535321
467,wamba,8.9333,8.6,80.28,78,100,4.54,NG,1697535323
468,hadibu,12.65,54.0333,84.13,62,2,3.71,YE,1697535324
469,erdenet,49.0333,104.0833,38.25,36,68,14.27,MN,1697535325
470,mandera,3.9366,41.867,93.42,37,82,7.76,KE,1697535326
471,tulun,54.5611,100.5792,39.09,94,100,14.76,RU,1697535327
472,chernyshevsk,52.5243,117.0174,39.67,67,79,10.42,RU,1697535328
473,washington,47.5001,-120.5015,49.91,84,0,4.63,US,1697535277
474,kulhudhuffushi,6.6221,73.07,82.85,75,68,9.15,MV,1697535330
475,vallegrande,-18.4897,-64.1069,55.98,92,7,3.96,BO,1697535331
476,zomergem,51.1277,3.5553,52.93,77,93,16.26,BE,1697535332
477,olyokminsk,60.3736,120.4264,34.0,67,100,8.01,RU,1697535333
478,khmilnyk,49.5598,27.9575,50.22,44,75,11.23,UA,1697535334
479,dublin,37.7021,-121.9358,64.4,89,0,3.44,US,1697535263
480,judenburg,47.1667,14.6667,38.12,70,75,3.44,AT,1697535338
481,betio village,1.358,172.9211,84.24,75,100,14.9,KI,1697535339
482,nahiyat ash shinafiyah,31.5874,44.6602,88.92,21,0,8.48,IQ,1697535340
483,kuqa,41.7278,82.9364,62.17,24,0,6.58,CN,1697535341
484,ola,59.5833,151.2833,34.41,68,20,15.66,RU,1697535342
485,tikrit,34.6071,43.6782,84.78,26,0,7.94,IQ,1697535343
486,trevelin,-43.0858,-71.4639,35.08,90,7,2.62,AR,1697535344
487,tionk essil,12.7856,-16.5217,85.96,71,39,4.97,SN,1697535345
488,arvayheer,46.2639,102.775,38.48,28,43,13.06,MN,1697535346
489,corner brook,48.9667,-57.9484,30.36,70,100,6.51,CA,1697535347
490,rikaze,29.25,88.8833,54.82,17,100,5.41,CN,1697535349
491,chabahar,25.2919,60.643,83.5,74,0,12.06,IR,1697535350
492,vadso,70.0744,29.7487,34.68,75,40,10.36,NO,1697535351
493,brookings,44.3114,-96.7984,44.06,85,0,6.91,US,1697535347
494,borogontsy,62.6683,131.1683,22.28,62,100,1.01,RU,1697535353
495,yendi,9.4427,-0.0099,83.5,69,96,6.55,GH,1697535354
496,naze,28.3667,129.4833,68.92,66,3,7.76,JP,1697535355
497,poronaysk,49.2167,143.1167,48.29,79,100,27.31,RU,1697535356
498,cooma,-36.2333,149.1333,40.78,87,1,3.4,AU,1697535357
499,iskateley,67.6803,53.1512,34.02,89,81,8.99,RU,1697535358
500,keren,15.7778,38.4581,83.61,37,100,7.83,ER,1697535359
501,shinas,24.7433,56.4658,93.24,59,0,12.06,OM,1697535361
502,sirjan,29.452,55.6814,79.88,15,7,15.39,IR,1697535362
503,sinabang,2.4803,96.3801,78.69,83,99,1.54,ID,1697535363
504,khenifra,32.9333,-5.6667,72.52,44,100,1.12,MA,1697535364
505,madison,34.7334,-86.5667,52.95,87,100,0.0,US,1697534970
506,tralee,52.2704,-9.7026,52.05,87,100,11.5,IE,1697535366
507,san clemente,33.427,-117.612,66.49,95,66,1.01,US,1697535310
508,palmer,42.1584,-72.3287,47.17,83,100,3.44,US,1697535369
509,huanuco,-9.9329,-76.2415,60.37,88,79,1.21,PE,1697535175
510,blythe,33.6103,-114.5964,75.65,19,0,5.75,US,1697535371
511,pingliang,35.5392,106.6861,50.63,65,91,8.01,CN,1697535372
512,ardestan,33.3761,52.3694,78.78,22,5,13.2,IR,1697535373
513,mammoth lakes,37.6485,-118.9721,51.35,26,0,5.01,US,1697535374
514,savanna-la-mar,18.219,-78.1332,80.55,90,64,2.95,JM,1697535376
515,aracoiaba,-4.3711,-38.8142,76.84,63,30,7.18,BR,1697535377
516,chichimila,20.6167,-88.2167,66.13,95,24,2.93,MX,1697535378
517,prey veng,11.4868,105.3253,80.69,84,99,4.52,KH,1697535379
518,mossel bay,-34.1831,22.146,75.13,65,0,7.9,ZA,1697535380
519,haiku-pauwela,20.9219,-156.3051,77.04,80,40,5.75,US,1697535381
520,tarawa,1.419,172.984,84.29,74,40,9.22,KI,1697535382
521,richfield,44.8833,-93.283,44.55,91,0,4.61,US,1697535208
522,medicine hat,50.0501,-110.6683,59.72,54,100,11.5,CA,1697535142
523,pailon,-17.65,-62.75,79.7,50,53,10.0,BO,1697535385
524,chipinge,-20.1883,32.6236,76.33,59,89,5.46,ZW,1697535386
525,bulungu,-4.55,18.6,83.71,68,99,3.85,CD,1697535390
526,meulaboh,4.1363,96.1285,76.69,86,99,1.77,ID,1697535391
527,kupang,-10.1667,123.5833,84.78,79,40,11.41,ID,1697535392
528,lisala,2.15,21.5167,90.57,49,96,1.52,CD,1697535393
529,huilong,31.8111,121.655,70.93,67,0,7.87,CN,1697535394
530,geraldton,-28.7667,114.6,72.01,68,40,13.8,AU,1697535395
531,tabuk,17.4189,121.4443,76.24,90,50,1.79,PH,1697535397
532,goba,7.0167,39.9833,62.83,64,100,6.04,ET,1697535398
533,dumbea,-22.15,166.45,69.76,92,100,2.77,NC,1697535399
534,baie-comeau,49.2168,-68.1489,44.28,70,100,5.75,CA,1697535283
535,arno,60.1167,18.6333,41.79,63,71,8.79,SE,1697535402
536,thinadhoo,0.5333,72.9333,81.95,73,77,13.09,MV,1697535403
537,kilindoni,-7.9139,39.6668,82.53,68,98,8.21,TZ,1697535404
538,sao joao da barra,-21.6403,-41.0511,75.29,87,73,11.16,BR,1697535405
539,hotan,37.0997,79.9269,68.77,14,100,13.02,CN,1697535406
540,mashhad,36.297,59.6062,69.94,49,75,4.61,IR,1697535407
541,diego de almagro,-26.3667,-70.05,56.97,58,100,2.1,CL,1697535408
542,ardakan,32.31,54.0175,88.59,12,30,21.25,IR,1697535409
543,hanceville,34.0607,-86.7675,51.71,95,0,3.98,US,1697535410
544,djibo,14.1022,-1.6306,91.9,41,54,7.31,BF,1697535411
545,pechory,57.8164,27.6119,44.06,64,19,12.82,RU,1697535412
546,livingston,55.9029,-3.5226,46.89,92,100,1.14,GB,1697535415
